workload_nops,threads,lock,iterations,run_idx,time_ms_normalized_to_1m_iters
0,1,ttas,1000000,0,6.088000
0,1,ttas,1000000,1,6.134000
0,1,ttas,1000000,2,6.780000
0,1,ttas,1000000,3,6.115000
0,1,ttas,1000000,4,6.203000
0,1,ttas,1000000,5,6.101000
0,1,ttas,1000000,6,6.064000
0,1,ttas_park,1000000,0,8.172000
0,1,ttas_park,1000000,1,8.212000
0,1,ttas_park,1000000,2,7.055000
0,1,ttas_park,1000000,3,8.165000
0,1,ttas_park,1000000,4,8.179000
0,1,ttas_park,1000000,5,8.536000
0,1,ttas_park,1000000,6,8.310000
0,1,mcs,1000000,0,14.578000
0,1,mcs,1000000,1,14.671000
0,1,mcs,1000000,2,14.608000
0,1,mcs,1000000,3,14.606000
0,1,mcs,1000000,4,14.615000
0,1,mcs,1000000,5,14.561000
0,1,mcs,1000000,6,14.584000
0,1,pspin,1000000,0,7.673000
0,1,pspin,1000000,1,7.682000
0,1,pspin,1000000,2,7.670000
0,1,pspin,1000000,3,7.656000
0,1,pspin,1000000,4,7.650000
0,1,pspin,1000000,5,7.706000
0,1,pspin,1000000,6,7.825000
0,1,pmutex,1000000,0,13.316000
0,1,pmutex,1000000,1,13.336000
0,1,pmutex,1000000,2,13.339000
0,1,pmutex,1000000,3,13.325000
0,1,pmutex,1000000,4,13.348000
0,1,pmutex,1000000,5,13.303000
0,1,pmutex,1000000,6,13.355000
0,2,ttas,1000000,0,12.609000
0,2,ttas,1000000,1,14.726000
0,2,ttas,1000000,2,12.532000
0,2,ttas,1000000,3,12.223000
0,2,ttas,1000000,4,13.962000
0,2,ttas,1000000,5,18.095000
0,2,ttas,1000000,6,17.959000
0,2,ttas_park,1000000,0,16.725000
0,2,ttas_park,1000000,1,19.930000
0,2,ttas_park,1000000,2,20.661000
0,2,ttas_park,1000000,3,17.217000
0,2,ttas_park,1000000,4,16.718000
0,2,ttas_park,1000000,5,16.389000
0,2,ttas_park,1000000,6,16.547000
0,2,mcs,1000000,0,226.682000
0,2,mcs,1000000,1,218.961000
0,2,mcs,1000000,2,218.140000
0,2,mcs,1000000,3,212.885000
0,2,mcs,1000000,4,228.556000
0,2,mcs,1000000,5,220.241000
0,2,mcs,1000000,6,222.092000
0,2,pspin,1000000,0,100.217000
0,2,pspin,1000000,1,51.581000
0,2,pspin,1000000,2,101.427000
0,2,pspin,1000000,3,101.879000
0,2,pspin,1000000,4,90.662000
0,2,pspin,1000000,5,120.382000
0,2,pspin,1000000,6,62.237000
0,2,pmutex,1000000,0,119.721000
0,2,pmutex,1000000,1,140.096000
0,2,pmutex,1000000,2,116.110000
0,2,pmutex,1000000,3,131.453000
0,2,pmutex,1000000,4,136.539000
0,2,pmutex,1000000,5,136.711000
0,2,pmutex,1000000,6,135.170000
0,4,ttas,1000000,0,32.726000
0,4,ttas,1000000,1,31.646000
0,4,ttas,1000000,2,43.004000
0,4,ttas,1000000,3,30.658000
0,4,ttas,1000000,4,54.007000
0,4,ttas,1000000,5,76.698000
0,4,ttas,1000000,6,37.980000
0,4,ttas_park,1000000,0,44.962000
0,4,ttas_park,1000000,1,45.177000
0,4,ttas_park,1000000,2,46.216000
0,4,ttas_park,1000000,3,46.213000
0,4,ttas_park,1000000,4,86.909000
0,4,ttas_park,1000000,5,69.155000
0,4,ttas_park,1000000,6,43.650000
0,4,mcs,1000000,0,396.818000
0,4,mcs,1000000,1,385.567000
0,4,mcs,1000000,2,387.562000
0,4,mcs,1000000,3,386.385000
0,4,mcs,1000000,4,361.123000
0,4,mcs,1000000,5,396.364000
0,4,mcs,1000000,6,411.147000
0,4,pspin,1000000,0,392.610000
0,4,pspin,1000000,1,349.428000
0,4,pspin,1000000,2,339.663000
0,4,pspin,1000000,3,262.809000
0,4,pspin,1000000,4,335.676000
0,4,pspin,1000000,5,346.986000
0,4,pspin,1000000,6,334.806000
0,4,pmutex,1000000,0,405.428000
0,4,pmutex,1000000,1,333.803000
0,4,pmutex,1000000,2,404.846000
0,4,pmutex,1000000,3,402.898000
0,4,pmutex,1000000,4,402.954000
0,4,pmutex,1000000,5,419.838000
0,4,pmutex,1000000,6,420.935000
0,8,ttas,1000000,0,120.118000
0,8,ttas,1000000,1,98.351000
0,8,ttas,1000000,2,109.290000
0,8,ttas,1000000,3,104.349000
0,8,ttas,1000000,4,124.947000
0,8,ttas,1000000,5,129.241000
0,8,ttas,1000000,6,138.927000
0,8,ttas_park,1000000,0,131.346000
0,8,ttas_park,1000000,1,172.443000
0,8,ttas_park,1000000,2,164.609000
0,8,ttas_park,1000000,3,173.175000
0,8,ttas_park,1000000,4,145.877000
0,8,ttas_park,1000000,5,137.484000
0,8,ttas_park,1000000,6,162.234000
0,8,pspin,1000000,0,1416.901000
0,8,pspin,1000000,1,955.487000
0,8,pspin,1000000,2,1244.330000
0,8,pspin,1000000,3,1560.597000
0,8,pspin,1000000,4,1393.877000
0,8,pspin,1000000,5,1018.006000
0,8,pspin,1000000,6,1475.400000
0,8,pmutex,1000000,0,722.793000
0,8,pmutex,1000000,1,705.940000
0,8,pmutex,1000000,2,731.320000
0,8,pmutex,1000000,3,727.021000
0,8,pmutex,1000000,4,723.877000
0,8,pmutex,1000000,5,759.295000
0,8,pmutex,1000000,6,733.005000
16,1,ttas,1000000,0,5.441000
16,1,ttas,1000000,1,5.438000
16,1,ttas,1000000,2,5.434000
16,1,ttas,1000000,3,5.542000
16,1,ttas,1000000,4,5.985000
16,1,ttas,1000000,5,5.439000
16,1,ttas,1000000,6,5.459000
16,1,ttas_park,1000000,0,7.859000
16,1,ttas_park,1000000,1,7.897000
16,1,ttas_park,1000000,2,7.919000
16,1,ttas_park,1000000,3,7.852000
16,1,ttas_park,1000000,4,7.920000
16,1,ttas_park,1000000,5,7.905000
16,1,ttas_park,1000000,6,7.950000
16,1,mcs,1000000,0,14.732000
16,1,mcs,1000000,1,14.604000
16,1,mcs,1000000,2,14.571000
16,1,mcs,1000000,3,14.579000
16,1,mcs,1000000,4,14.638000
16,1,mcs,1000000,5,14.583000
16,1,mcs,1000000,6,14.638000
16,1,pspin,1000000,0,8.089000
16,1,pspin,1000000,1,8.119000
16,1,pspin,1000000,2,8.126000
16,1,pspin,1000000,3,8.065000
16,1,pspin,1000000,4,8.024000
16,1,pspin,1000000,5,8.127000
16,1,pspin,1000000,6,8.133000
16,1,pmutex,1000000,0,16.120000
16,1,pmutex,1000000,1,14.444000
16,1,pmutex,1000000,2,14.463000
16,1,pmutex,1000000,3,14.379000
16,1,pmutex,1000000,4,14.424000
16,1,pmutex,1000000,5,14.514000
16,1,pmutex,1000000,6,18.781000
16,2,ttas,1000000,0,12.857000
16,2,ttas,1000000,1,18.425000
16,2,ttas,1000000,2,13.743000
16,2,ttas,1000000,3,13.116000
16,2,ttas,1000000,4,12.803000
16,2,ttas,1000000,5,16.971000
16,2,ttas,1000000,6,18.906000
16,2,ttas_park,1000000,0,14.902000
16,2,ttas_park,1000000,1,18.019000
16,2,ttas_park,1000000,2,15.974000
16,2,ttas_park,1000000,3,15.946000
16,2,ttas_park,1000000,4,15.721000
16,2,ttas_park,1000000,5,19.171000
16,2,ttas_park,1000000,6,22.470000
16,2,mcs,1000000,0,222.919000
16,2,mcs,1000000,1,222.685000
16,2,mcs,1000000,2,213.249000
16,2,mcs,1000000,3,210.979000
16,2,mcs,1000000,4,230.009000
16,2,mcs,1000000,5,210.593000
16,2,mcs,1000000,6,224.190000
16,2,pspin,1000000,0,88.441000
16,2,pspin,1000000,1,69.011000
16,2,pspin,1000000,2,111.709000
16,2,pspin,1000000,3,70.745000
16,2,pspin,1000000,4,119.040000
16,2,pspin,1000000,5,126.686000
16,2,pspin,1000000,6,111.654000
16,2,pmutex,1000000,0,140.187000
16,2,pmutex,1000000,1,141.670000
16,2,pmutex,1000000,2,151.665000
16,2,pmutex,1000000,3,146.408000
16,2,pmutex,1000000,4,145.209000
16,2,pmutex,1000000,5,137.444000
16,2,pmutex,1000000,6,115.435000
16,4,ttas,1000000,0,34.821000
16,4,ttas,1000000,1,30.591000
16,4,ttas,1000000,2,35.135000
16,4,ttas,1000000,3,32.074000
16,4,ttas,1000000,4,28.053000
16,4,ttas,1000000,5,31.042000
16,4,ttas,1000000,6,35.196000
16,4,ttas_park,1000000,0,46.415000
16,4,ttas_park,1000000,1,41.125000
16,4,ttas_park,1000000,2,41.656000
16,4,ttas_park,1000000,3,37.898000
16,4,ttas_park,1000000,4,45.094000
16,4,ttas_park,1000000,5,38.342000
16,4,ttas_park,1000000,6,57.899000
16,4,mcs,1000000,0,398.472000
16,4,mcs,1000000,1,403.083000
16,4,mcs,1000000,2,391.805000
16,4,mcs,1000000,3,387.824000
16,4,mcs,1000000,4,376.629000
16,4,mcs,1000000,5,390.189000
16,4,mcs,1000000,6,374.190000
16,4,pspin,1000000,0,392.162000
16,4,pspin,1000000,1,323.116000
16,4,pspin,1000000,2,311.746000
16,4,pspin,1000000,3,315.471000
16,4,pspin,1000000,4,319.249000
16,4,pspin,1000000,5,311.686000
16,4,pspin,1000000,6,312.452000
16,4,pmutex,1000000,0,419.261000
16,4,pmutex,1000000,1,421.030000
16,4,pmutex,1000000,2,434.111000
16,4,pmutex,1000000,3,423.108000
16,4,pmutex,1000000,4,418.491000
16,4,pmutex,1000000,5,428.320000
16,4,pmutex,1000000,6,407.667000
16,8,ttas,1000000,0,92.273000
16,8,ttas,1000000,1,138.479000
16,8,ttas,1000000,2,94.456000
16,8,ttas,1000000,3,107.201000
16,8,ttas,1000000,4,90.966000
16,8,ttas,1000000,5,90.408000
16,8,ttas,1000000,6,92.637000
16,8,ttas_park,1000000,0,167.931000
16,8,ttas_park,1000000,1,130.534000
16,8,ttas_park,1000000,2,119.609000
16,8,ttas_park,1000000,3,138.124000
16,8,ttas_park,1000000,4,126.017000
16,8,ttas_park,1000000,5,134.631000
16,8,ttas_park,1000000,6,143.167000
16,8,pspin,1000000,0,1255.055000
16,8,pspin,1000000,1,1473.506000
16,8,pspin,1000000,2,1200.696000
16,8,pspin,1000000,3,1393.184000
16,8,pspin,1000000,4,1132.090000
16,8,pspin,1000000,5,1251.622000
16,8,pspin,1000000,6,1166.766000
16,8,pmutex,1000000,0,786.060000
16,8,pmutex,1000000,1,757.263000
16,8,pmutex,1000000,2,734.830000
16,8,pmutex,1000000,3,780.134000
16,8,pmutex,1000000,4,780.379000
16,8,pmutex,1000000,5,771.683000
16,8,pmutex,1000000,6,776.009000
32,1,ttas,1000000,0,6.577000
32,1,ttas,1000000,1,6.614000
32,1,ttas,1000000,2,6.614000
32,1,ttas,1000000,3,6.566000
32,1,ttas,1000000,4,6.590000
32,1,ttas,1000000,5,6.602000
32,1,ttas,1000000,6,6.562000
32,1,ttas_park,1000000,0,8.277000
32,1,ttas_park,1000000,1,8.343000
32,1,ttas_park,1000000,2,8.344000
32,1,ttas_park,1000000,3,8.336000
32,1,ttas_park,1000000,4,8.326000
32,1,ttas_park,1000000,5,8.305000
32,1,ttas_park,1000000,6,8.426000
32,1,mcs,1000000,0,13.538000
32,1,mcs,1000000,1,13.590000
32,1,mcs,1000000,2,13.563000
32,1,mcs,1000000,3,13.519000
32,1,mcs,1000000,4,13.601000
32,1,mcs,1000000,5,13.536000
32,1,mcs,1000000,6,13.586000
32,1,pspin,1000000,0,8.979000
32,1,pspin,1000000,1,8.799000
32,1,pspin,1000000,2,8.810000
32,1,pspin,1000000,3,8.803000
32,1,pspin,1000000,4,8.798000
32,1,pspin,1000000,5,8.863000
32,1,pspin,1000000,6,8.861000
32,1,pmutex,1000000,0,14.442000
32,1,pmutex,1000000,1,16.867000
32,1,pmutex,1000000,2,14.490000
32,1,pmutex,1000000,3,14.442000
32,1,pmutex,1000000,4,14.447000
32,1,pmutex,1000000,5,14.494000
32,1,pmutex,1000000,6,14.493000
32,2,ttas,1000000,0,16.098000
32,2,ttas,1000000,1,18.354000
32,2,ttas,1000000,2,17.938000
32,2,ttas,1000000,3,12.573000
32,2,ttas,1000000,4,26.072000
32,2,ttas,1000000,5,13.603000
32,2,ttas,1000000,6,16.801000
32,2,ttas_park,1000000,0,24.462000
32,2,ttas_park,1000000,1,17.034000
32,2,ttas_park,1000000,2,21.549000
32,2,ttas_park,1000000,3,15.921000
32,2,ttas_park,1000000,4,18.543000
32,2,ttas_park,1000000,5,26.480000
32,2,ttas_park,1000000,6,20.479000
32,2,mcs,1000000,0,217.369000
32,2,mcs,1000000,1,205.583000
32,2,mcs,1000000,2,210.071000
32,2,mcs,1000000,3,216.967000
32,2,mcs,1000000,4,198.605000
32,2,mcs,1000000,5,179.922000
32,2,mcs,1000000,6,177.905000
32,2,pspin,1000000,0,127.417000
32,2,pspin,1000000,1,64.602000
32,2,pspin,1000000,2,110.734000
32,2,pspin,1000000,3,118.599000
32,2,pspin,1000000,4,110.861000
32,2,pspin,1000000,5,86.995000
32,2,pspin,1000000,6,113.056000
32,2,pmutex,1000000,0,137.076000
32,2,pmutex,1000000,1,126.439000
32,2,pmutex,1000000,2,119.209000
32,2,pmutex,1000000,3,154.574000
32,2,pmutex,1000000,4,118.528000
32,2,pmutex,1000000,5,122.226000
32,2,pmutex,1000000,6,130.446000
32,4,ttas,1000000,0,35.458000
32,4,ttas,1000000,1,41.324000
32,4,ttas,1000000,2,39.613000
32,4,ttas,1000000,3,38.761000
32,4,ttas,1000000,4,48.892000
32,4,ttas,1000000,5,45.686000
32,4,ttas,1000000,6,42.987000
32,4,ttas_park,1000000,0,44.032000
32,4,ttas_park,1000000,1,39.168000
32,4,ttas_park,1000000,2,40.257000
32,4,ttas_park,1000000,3,42.215000
32,4,ttas_park,1000000,4,49.748000
32,4,ttas_park,1000000,5,39.946000
32,4,ttas_park,1000000,6,43.773000
32,4,mcs,1000000,0,369.987000
32,4,mcs,1000000,1,390.211000
32,4,mcs,1000000,2,376.805000
32,4,mcs,1000000,3,379.442000
32,4,mcs,1000000,4,359.343000
32,4,mcs,1000000,5,378.418000
32,4,mcs,1000000,6,357.673000
32,4,pspin,1000000,0,300.012000
32,4,pspin,1000000,1,293.405000
32,4,pspin,1000000,2,293.601000
32,4,pspin,1000000,3,363.746000
32,4,pspin,1000000,4,303.657000
32,4,pspin,1000000,5,356.242000
32,4,pspin,1000000,6,358.189000
32,4,pmutex,1000000,0,421.663000
32,4,pmutex,1000000,1,438.796000
32,4,pmutex,1000000,2,406.158000
32,4,pmutex,1000000,3,431.714000
32,4,pmutex,1000000,4,434.916000
32,4,pmutex,1000000,5,399.973000
32,4,pmutex,1000000,6,413.437000
32,8,ttas,1000000,0,107.817000
32,8,ttas,1000000,1,144.575000
32,8,ttas,1000000,2,131.049000
32,8,ttas,1000000,3,105.609000
32,8,ttas,1000000,4,123.666000
32,8,ttas,1000000,5,153.981000
32,8,ttas,1000000,6,155.069000
32,8,ttas_park,1000000,0,152.529000
32,8,ttas_park,1000000,1,128.896000
32,8,ttas_park,1000000,2,142.726000
32,8,ttas_park,1000000,3,118.471000
32,8,ttas_park,1000000,4,137.134000
32,8,ttas_park,1000000,5,125.242000
32,8,ttas_park,1000000,6,125.161000
32,8,pspin,1000000,0,999.619000
32,8,pspin,1000000,1,1345.595000
32,8,pspin,1000000,2,1062.800000
32,8,pspin,1000000,3,1406.906000
32,8,pspin,1000000,4,1101.822000
32,8,pspin,1000000,5,1097.103000
32,8,pspin,1000000,6,1479.182000
32,8,pmutex,1000000,0,748.307000
32,8,pmutex,1000000,1,763.804000
32,8,pmutex,1000000,2,769.097000
32,8,pmutex,1000000,3,784.927000
32,8,pmutex,1000000,4,762.172000
32,8,pmutex,1000000,5,747.158000
32,8,pmutex,1000000,6,753.065000
64,1,ttas,1000000,0,8.383000
64,1,ttas,1000000,1,8.375000
64,1,ttas,1000000,2,8.406000
64,1,ttas,1000000,3,8.383000
64,1,ttas,1000000,4,8.372000
64,1,ttas,1000000,5,8.381000
64,1,ttas,1000000,6,8.740000
64,1,ttas_park,1000000,0,9.803000
64,1,ttas_park,1000000,1,9.726000
64,1,ttas_park,1000000,2,9.684000
64,1,ttas_park,1000000,3,9.696000
64,1,ttas_park,1000000,4,9.646000
64,1,ttas_park,1000000,5,9.783000
64,1,ttas_park,1000000,6,9.685000
64,1,mcs,1000000,0,13.243000
64,1,mcs,1000000,1,13.373000
64,1,mcs,1000000,2,13.279000
64,1,mcs,1000000,3,13.304000
64,1,mcs,1000000,4,13.247000
64,1,mcs,1000000,5,13.278000
64,1,mcs,1000000,6,13.244000
64,1,pspin,1000000,0,10.278000
64,1,pspin,1000000,1,10.221000
64,1,pspin,1000000,2,10.286000
64,1,pspin,1000000,3,10.250000
64,1,pspin,1000000,4,10.222000
64,1,pspin,1000000,5,10.261000
64,1,pspin,1000000,6,10.199000
64,1,pmutex,1000000,0,14.625000
64,1,pmutex,1000000,1,14.842000
64,1,pmutex,1000000,2,14.592000
64,1,pmutex,1000000,3,14.608000
64,1,pmutex,1000000,4,14.576000
64,1,pmutex,1000000,5,14.633000
64,1,pmutex,1000000,6,14.633000
64,2,ttas,1000000,0,20.520000
64,2,ttas,1000000,1,59.895000
64,2,ttas,1000000,2,30.814000
64,2,ttas,1000000,3,21.141000
64,2,ttas,1000000,4,19.658000
64,2,ttas,1000000,5,21.369000
64,2,ttas,1000000,6,17.728000
64,2,ttas_park,1000000,0,19.785000
64,2,ttas_park,1000000,1,33.802000
64,2,ttas_park,1000000,2,20.075000
64,2,ttas_park,1000000,3,25.609000
64,2,ttas_park,1000000,4,20.306000
64,2,ttas_park,1000000,5,26.830000
64,2,ttas_park,1000000,6,19.375000
64,2,mcs,1000000,0,201.633000
64,2,mcs,1000000,1,156.883000
64,2,mcs,1000000,2,182.092000
64,2,mcs,1000000,3,189.341000
64,2,mcs,1000000,4,185.449000
64,2,mcs,1000000,5,176.166000
64,2,mcs,1000000,6,199.257000
64,2,pspin,1000000,0,104.588000
64,2,pspin,1000000,1,103.900000
64,2,pspin,1000000,2,70.583000
64,2,pspin,1000000,3,67.105000
64,2,pspin,1000000,4,116.031000
64,2,pspin,1000000,5,110.531000
64,2,pspin,1000000,6,100.647000
64,2,pmutex,1000000,0,150.626000
64,2,pmutex,1000000,1,131.099000
64,2,pmutex,1000000,2,148.241000
64,2,pmutex,1000000,3,132.355000
64,2,pmutex,1000000,4,151.783000
64,2,pmutex,1000000,5,141.741000
64,2,pmutex,1000000,6,137.076000
64,4,ttas,1000000,0,51.307000
64,4,ttas,1000000,1,48.956000
64,4,ttas,1000000,2,51.271000
64,4,ttas,1000000,3,58.900000
64,4,ttas,1000000,4,57.262000
64,4,ttas,1000000,5,60.601000
64,4,ttas,1000000,6,72.007000
64,4,ttas_park,1000000,0,53.024000
64,4,ttas_park,1000000,1,47.842000
64,4,ttas_park,1000000,2,111.721000
64,4,ttas_park,1000000,3,92.658000
64,4,ttas_park,1000000,4,58.097000
64,4,ttas_park,1000000,5,51.292000
64,4,ttas_park,1000000,6,70.847000
64,4,mcs,1000000,0,349.382000
64,4,mcs,1000000,1,360.406000
64,4,mcs,1000000,2,352.060000
64,4,mcs,1000000,3,348.611000
64,4,mcs,1000000,4,361.689000
64,4,mcs,1000000,5,353.760000
64,4,mcs,1000000,6,349.616000
64,4,pspin,1000000,0,249.922000
64,4,pspin,1000000,1,253.920000
64,4,pspin,1000000,2,289.570000
64,4,pspin,1000000,3,290.883000
64,4,pspin,1000000,4,324.909000
64,4,pspin,1000000,5,259.448000
64,4,pspin,1000000,6,329.726000
64,4,pmutex,1000000,0,441.223000
64,4,pmutex,1000000,1,428.385000
64,4,pmutex,1000000,2,431.311000
64,4,pmutex,1000000,3,440.717000
64,4,pmutex,1000000,4,470.718000
64,4,pmutex,1000000,5,470.783000
64,4,pmutex,1000000,6,434.597000
64,8,ttas,1000000,0,194.094000
64,8,ttas,1000000,1,210.791000
64,8,ttas,1000000,2,188.205000
64,8,ttas,1000000,3,195.115000
64,8,ttas,1000000,4,169.900000
64,8,ttas,1000000,5,197.211000
64,8,ttas,1000000,6,186.323000
64,8,ttas_park,1000000,0,148.849000
64,8,ttas_park,1000000,1,171.646000
64,8,ttas_park,1000000,2,151.249000
64,8,ttas_park,1000000,3,387.485000
64,8,ttas_park,1000000,4,275.848000
64,8,ttas_park,1000000,5,142.173000
64,8,ttas_park,1000000,6,146.468000
64,8,pspin,1000000,0,963.868000
64,8,pspin,1000000,1,877.744000
64,8,pspin,1000000,2,1074.966000
64,8,pspin,1000000,3,1163.889000
64,8,pspin,1000000,4,872.222000
64,8,pspin,1000000,5,1003.511000
64,8,pspin,1000000,6,1042.705000
64,8,pmutex,1000000,0,797.699000
64,8,pmutex,1000000,1,787.910000
64,8,pmutex,1000000,2,794.390000
64,8,pmutex,1000000,3,756.436000
64,8,pmutex,1000000,4,800.708000
64,8,pmutex,1000000,5,800.576000
64,8,pmutex,1000000,6,776.991000
128,1,ttas,1000000,0,23.448000
128,1,ttas,1000000,1,23.561000
128,1,ttas,1000000,2,23.499000
128,1,ttas,1000000,3,23.735000
128,1,ttas,1000000,4,23.369000
128,1,ttas,1000000,5,23.527000
128,1,ttas,1000000,6,23.548000
128,1,ttas_park,1000000,0,23.941000
128,1,ttas_park,1000000,1,23.941000
128,1,ttas_park,1000000,2,23.963000
128,1,ttas_park,1000000,3,23.914000
128,1,ttas_park,1000000,4,24.015000
128,1,ttas_park,1000000,5,24.324000
128,1,ttas_park,1000000,6,23.986000
128,1,mcs,1000000,0,25.972000
128,1,mcs,1000000,1,25.968000
128,1,mcs,1000000,2,25.975000
128,1,mcs,1000000,3,23.704000
128,1,mcs,1000000,4,25.971000
128,1,mcs,1000000,5,25.930000
128,1,mcs,1000000,6,26.040000
128,1,pspin,1000000,0,25.156000
128,1,pspin,1000000,1,25.130000
128,1,pspin,1000000,2,25.196000
128,1,pspin,1000000,3,24.465000
128,1,pspin,1000000,4,25.255000
128,1,pspin,1000000,5,25.244000
128,1,pspin,1000000,6,25.161000
128,1,pmutex,1000000,0,28.435000
128,1,pmutex,1000000,1,28.753000
128,1,pmutex,1000000,2,28.342000
128,1,pmutex,1000000,3,28.389000
128,1,pmutex,1000000,4,28.582000
128,1,pmutex,1000000,5,28.363000
128,1,pmutex,1000000,6,28.558000
128,2,ttas,1000000,0,67.540000
128,2,ttas,1000000,1,66.262000
128,2,ttas,1000000,2,47.490000
128,2,ttas,1000000,3,46.239000
128,2,ttas,1000000,4,83.048000
128,2,ttas,1000000,5,48.822000
128,2,ttas,1000000,6,46.999000
128,2,ttas_park,1000000,0,67.991000
128,2,ttas_park,1000000,1,48.625000
128,2,ttas_park,1000000,2,48.465000
128,2,ttas_park,1000000,3,47.146000
128,2,ttas_park,1000000,4,90.743000
128,2,ttas_park,1000000,5,67.602000
128,2,ttas_park,1000000,6,48.147000
128,2,mcs,1000000,0,139.905000
128,2,mcs,1000000,1,138.367000
128,2,mcs,1000000,2,166.000000
128,2,mcs,1000000,3,164.229000
128,2,mcs,1000000,4,132.993000
128,2,mcs,1000000,5,133.508000
128,2,mcs,1000000,6,151.968000
128,2,pspin,1000000,0,77.271000
128,2,pspin,1000000,1,113.333000
128,2,pspin,1000000,2,107.204000
128,2,pspin,1000000,3,106.086000
128,2,pspin,1000000,4,88.489000
128,2,pspin,1000000,5,68.849000
128,2,pspin,1000000,6,104.744000
128,2,pmutex,1000000,0,167.491000
128,2,pmutex,1000000,1,178.479000
128,2,pmutex,1000000,2,155.798000
128,2,pmutex,1000000,3,167.476000
128,2,pmutex,1000000,4,160.141000
128,2,pmutex,1000000,5,155.358000
128,2,pmutex,1000000,6,155.110000
128,4,ttas,1000000,0,202.271000
128,4,ttas,1000000,1,204.309000
128,4,ttas,1000000,2,159.594000
128,4,ttas,1000000,3,201.955000
128,4,ttas,1000000,4,159.325000
128,4,ttas,1000000,5,159.040000
128,4,ttas,1000000,6,207.243000
128,4,ttas_park,1000000,0,209.743000
128,4,ttas_park,1000000,1,223.449000
128,4,ttas_park,1000000,2,144.916000
128,4,ttas_park,1000000,3,205.187000
128,4,ttas_park,1000000,4,185.015000
128,4,ttas_park,1000000,5,194.238000
128,4,ttas_park,1000000,6,210.533000
128,4,mcs,1000000,0,363.155000
128,4,mcs,1000000,1,376.012000
128,4,mcs,1000000,2,380.098000
128,4,mcs,1000000,3,369.486000
128,4,mcs,1000000,4,379.979000
128,4,mcs,1000000,5,363.678000
128,4,mcs,1000000,6,374.058000
128,4,pspin,1000000,0,256.887000
128,4,pspin,1000000,1,223.061000
128,4,pspin,1000000,2,238.193000
128,4,pspin,1000000,3,211.297000
128,4,pspin,1000000,4,201.041000
128,4,pspin,1000000,5,207.553000
128,4,pspin,1000000,6,216.705000
128,4,pmutex,1000000,0,558.139000
128,4,pmutex,1000000,1,571.212000
128,4,pmutex,1000000,2,593.915000
128,4,pmutex,1000000,3,564.056000
128,4,pmutex,1000000,4,551.682000
128,4,pmutex,1000000,5,578.150000
128,4,pmutex,1000000,6,563.671000
128,8,ttas,1000000,0,600.219000
128,8,ttas,1000000,1,694.714000
128,8,ttas,1000000,2,768.503000
128,8,ttas,1000000,3,745.707000
128,8,ttas,1000000,4,648.538000
128,8,ttas,1000000,5,603.714000
128,8,ttas,1000000,6,611.710000
128,8,ttas_park,1000000,0,505.006000
128,8,ttas_park,1000000,1,713.374000
128,8,ttas_park,1000000,2,832.969000
128,8,ttas_park,1000000,3,801.749000
128,8,ttas_park,1000000,4,598.951000
128,8,ttas_park,1000000,5,638.156000
128,8,ttas_park,1000000,6,549.042000
128,8,pspin,1000000,0,905.910000
128,8,pspin,1000000,1,866.841000
128,8,pspin,1000000,2,865.691000
128,8,pspin,1000000,3,857.636000
128,8,pspin,1000000,4,875.811000
128,8,pspin,1000000,5,889.374000
128,8,pspin,1000000,6,837.498000
128,8,pmutex,1000000,0,991.386000
128,8,pmutex,1000000,1,991.211000
128,8,pmutex,1000000,2,988.715000
128,8,pmutex,1000000,3,991.704000
128,8,pmutex,1000000,4,1008.355000
128,8,pmutex,1000000,5,1015.272000
128,8,pmutex,1000000,6,1004.336000
256,1,ttas,1000000,0,39.014000
256,1,ttas,1000000,1,38.026000
256,1,ttas,1000000,2,38.141000
256,1,ttas,1000000,3,38.092000
256,1,ttas,1000000,4,38.113000
256,1,ttas,1000000,5,38.189000
256,1,ttas,1000000,6,38.062000
256,1,ttas_park,1000000,0,38.773000
256,1,ttas_park,1000000,1,38.836000
256,1,ttas_park,1000000,2,38.772000
256,1,ttas_park,1000000,3,38.775000
256,1,ttas_park,1000000,4,38.755000
256,1,ttas_park,1000000,5,38.714000
256,1,ttas_park,1000000,6,38.687000
256,1,mcs,1000000,0,40.908000
256,1,mcs,1000000,1,40.953000
256,1,mcs,1000000,2,40.920000
256,1,mcs,1000000,3,41.216000
256,1,mcs,1000000,4,40.939000
256,1,mcs,1000000,5,40.933000
256,1,mcs,1000000,6,40.973000
256,1,pspin,1000000,0,40.317000
256,1,pspin,1000000,1,40.429000
256,1,pspin,1000000,2,40.296000
256,1,pspin,1000000,3,40.414000
256,1,pspin,1000000,4,40.286000
256,1,pspin,1000000,5,40.455000
256,1,pspin,1000000,6,41.047000
256,1,pmutex,1000000,0,44.190000
256,1,pmutex,1000000,1,43.783000
256,1,pmutex,1000000,2,43.601000
256,1,pmutex,1000000,3,43.347000
256,1,pmutex,1000000,4,43.549000
256,1,pmutex,1000000,5,43.470000
256,1,pmutex,1000000,6,43.293000
256,2,ttas,1000000,0,99.722000
256,2,ttas,1000000,1,92.087000
256,2,ttas,1000000,2,103.936000
256,2,ttas,1000000,3,106.225000
256,2,ttas,1000000,4,101.701000
256,2,ttas,1000000,5,103.019000
256,2,ttas,1000000,6,106.826000
256,2,ttas_park,1000000,0,93.584000
256,2,ttas_park,1000000,1,80.700000
256,2,ttas_park,1000000,2,101.176000
256,2,ttas_park,1000000,3,102.511000
256,2,ttas_park,1000000,4,105.747000
256,2,ttas_park,1000000,5,104.559000
256,2,ttas_park,1000000,6,98.435000
256,2,mcs,1000000,0,159.511000
256,2,mcs,1000000,1,178.212000
256,2,mcs,1000000,2,160.982000
256,2,mcs,1000000,3,194.784000
256,2,mcs,1000000,4,171.462000
256,2,mcs,1000000,5,174.490000
256,2,mcs,1000000,6,171.205000
256,2,pspin,1000000,0,97.420000
256,2,pspin,1000000,1,91.988000
256,2,pspin,1000000,2,103.225000
256,2,pspin,1000000,3,103.256000
256,2,pspin,1000000,4,99.393000
256,2,pspin,1000000,5,94.193000
256,2,pspin,1000000,6,101.970000
256,2,pmutex,1000000,0,206.504000
256,2,pmutex,1000000,1,234.465000
256,2,pmutex,1000000,2,223.270000
256,2,pmutex,1000000,3,231.250000
256,2,pmutex,1000000,4,226.983000
256,2,pmutex,1000000,5,228.412000
256,2,pmutex,1000000,6,227.897000
256,4,ttas,1000000,0,276.736000
256,4,ttas,1000000,1,262.171000
256,4,ttas,1000000,2,235.760000
256,4,ttas,1000000,3,261.322000
256,4,ttas,1000000,4,267.576000
256,4,ttas,1000000,5,262.686000
256,4,ttas,1000000,6,264.011000
256,4,ttas_park,1000000,0,265.801000
256,4,ttas_park,1000000,1,260.220000
256,4,ttas_park,1000000,2,219.257000
256,4,ttas_park,1000000,3,230.314000
256,4,ttas_park,1000000,4,219.787000
256,4,ttas_park,1000000,5,248.929000
256,4,ttas_park,1000000,6,230.339000
256,4,mcs,1000000,0,439.102000
256,4,mcs,1000000,1,449.219000
256,4,mcs,1000000,2,449.006000
256,4,mcs,1000000,3,443.737000
256,4,mcs,1000000,4,447.051000
256,4,mcs,1000000,5,447.007000
256,4,mcs,1000000,6,450.425000
256,4,pspin,1000000,0,259.587000
256,4,pspin,1000000,1,270.888000
256,4,pspin,1000000,2,253.582000
256,4,pspin,1000000,3,271.050000
256,4,pspin,1000000,4,252.938000
256,4,pspin,1000000,5,281.442000
256,4,pspin,1000000,6,264.473000
256,4,pmutex,1000000,0,736.530000
256,4,pmutex,1000000,1,760.476000
256,4,pmutex,1000000,2,750.887000
256,4,pmutex,1000000,3,753.258000
256,4,pmutex,1000000,4,717.620000
256,4,pmutex,1000000,5,762.030000
256,4,pmutex,1000000,6,781.696000
256,8,ttas,1000000,0,851.689000
256,8,ttas,1000000,1,848.084000
256,8,ttas,1000000,2,1043.223000
256,8,ttas,1000000,3,1009.405000
256,8,ttas,1000000,4,1145.496000
256,8,ttas,1000000,5,1192.255000
256,8,ttas,1000000,6,941.006000
256,8,ttas_park,1000000,0,881.403000
256,8,ttas_park,1000000,1,843.244000
256,8,ttas_park,1000000,2,1029.148000
256,8,ttas_park,1000000,3,970.042000
256,8,ttas_park,1000000,4,946.255000
256,8,ttas_park,1000000,5,1075.698000
256,8,ttas_park,1000000,6,830.846000
256,8,pspin,1000000,0,974.843000
256,8,pspin,1000000,1,917.381000
256,8,pspin,1000000,2,1023.846000
256,8,pspin,1000000,3,1117.580000
256,8,pspin,1000000,4,1067.267000
256,8,pspin,1000000,5,1061.897000
256,8,pspin,1000000,6,1069.100000
256,8,pmutex,1000000,0,1420.457000
256,8,pmutex,1000000,1,1418.144000
256,8,pmutex,1000000,2,1448.723000
256,8,pmutex,1000000,3,1463.969000
256,8,pmutex,1000000,4,1451.717000
256,8,pmutex,1000000,5,1484.730000
256,8,pmutex,1000000,6,1425.108000
512,1,ttas,400000,0,67.147500
512,1,ttas,400000,1,67.270000
512,1,ttas,400000,2,67.327500
512,1,ttas,400000,3,67.227500
512,1,ttas,400000,4,67.297500
512,1,ttas,400000,5,70.110000
512,1,ttas,400000,6,67.305000
512,1,ttas_park,400000,0,67.652500
512,1,ttas_park,400000,1,67.855000
512,1,ttas_park,400000,2,67.650000
512,1,ttas_park,400000,3,67.552500
512,1,ttas_park,400000,4,67.817500
512,1,ttas_park,400000,5,71.000000
512,1,ttas_park,400000,6,67.805000
512,1,mcs,400000,0,70.030000
512,1,mcs,400000,1,69.910000
512,1,mcs,400000,2,69.762500
512,1,mcs,400000,3,69.817500
512,1,mcs,400000,4,69.917500
512,1,mcs,400000,5,69.812500
512,1,mcs,400000,6,69.855000
512,1,pspin,400000,0,69.465000
512,1,pspin,400000,1,69.685000
512,1,pspin,400000,2,69.505000
512,1,pspin,400000,3,69.507500
512,1,pspin,400000,4,69.610000
512,1,pspin,400000,5,69.440000
512,1,pspin,400000,6,69.470000
512,1,pmutex,400000,0,72.937500
512,1,pmutex,400000,1,72.665000
512,1,pmutex,400000,2,72.547500
512,1,pmutex,400000,3,72.770000
512,1,pmutex,400000,4,74.262500
512,1,pmutex,400000,5,72.847500
512,1,pmutex,400000,6,72.850000
512,2,ttas,400000,0,141.095000
512,2,ttas,400000,1,146.182500
512,2,ttas,400000,2,136.007500
512,2,ttas,400000,3,136.075000
512,2,ttas,400000,4,137.390000
512,2,ttas,400000,5,140.232500
512,2,ttas,400000,6,136.830000
512,2,ttas_park,400000,0,139.680000
512,2,ttas_park,400000,1,140.065000
512,2,ttas_park,400000,2,136.625000
512,2,ttas_park,400000,3,138.747500
512,2,ttas_park,400000,4,140.550000
512,2,ttas_park,400000,5,144.767500
512,2,ttas_park,400000,6,137.065000
512,2,mcs,400000,0,238.705000
512,2,mcs,400000,1,240.242500
512,2,mcs,400000,2,244.912500
512,2,mcs,400000,3,236.880000
512,2,mcs,400000,4,260.197500
512,2,mcs,400000,5,257.645000
512,2,mcs,400000,6,217.880000
512,2,pspin,400000,0,140.032500
512,2,pspin,400000,1,142.955000
512,2,pspin,400000,2,140.047500
512,2,pspin,400000,3,142.282500
512,2,pspin,400000,4,139.952500
512,2,pspin,400000,5,144.317500
512,2,pspin,400000,6,140.152500
512,2,pmutex,400000,0,388.002500
512,2,pmutex,400000,1,365.222500
512,2,pmutex,400000,2,340.975000
512,2,pmutex,400000,3,428.152500
512,2,pmutex,400000,4,377.700000
512,2,pmutex,400000,5,364.170000
512,2,pmutex,400000,6,426.345000
512,4,ttas,400000,0,322.297500
512,4,ttas,400000,1,339.517500
512,4,ttas,400000,2,321.925000
512,4,ttas,400000,3,335.580000
512,4,ttas,400000,4,329.135000
512,4,ttas,400000,5,329.837500
512,4,ttas,400000,6,313.630000
512,4,ttas_park,400000,0,330.537500
512,4,ttas_park,400000,1,318.045000
512,4,ttas_park,400000,2,342.870000
512,4,ttas_park,400000,3,337.662500
512,4,ttas_park,400000,4,348.650000
512,4,ttas_park,400000,5,341.957500
512,4,ttas_park,400000,6,334.517500
512,4,mcs,400000,0,606.840000
512,4,mcs,400000,1,602.530000
512,4,mcs,400000,2,609.520000
512,4,mcs,400000,3,602.822500
512,4,mcs,400000,4,609.685000
512,4,mcs,400000,5,606.875000
512,4,mcs,400000,6,601.947500
512,4,pspin,400000,0,319.202500
512,4,pspin,400000,1,324.992500
512,4,pspin,400000,2,320.385000
512,4,pspin,400000,3,323.312500
512,4,pspin,400000,4,330.215000
512,4,pspin,400000,5,326.635000
512,4,pspin,400000,6,320.310000
512,4,pmutex,400000,0,1099.697500
512,4,pmutex,400000,1,1089.692500
512,4,pmutex,400000,2,1097.750000
512,4,pmutex,400000,3,1116.995000
512,4,pmutex,400000,4,1078.347500
512,4,pmutex,400000,5,1134.357500
512,4,pmutex,400000,6,1108.002500
512,8,ttas,400000,0,1144.602500
512,8,ttas,400000,1,1158.535000
512,8,ttas,400000,2,1087.122500
512,8,ttas,400000,3,1108.230000
512,8,ttas,400000,4,1138.262500
512,8,ttas,400000,5,1072.837500
512,8,ttas,400000,6,1009.680000
512,8,ttas_park,400000,0,1264.587500
512,8,ttas_park,400000,1,1225.017500
512,8,ttas_park,400000,2,1177.412500
512,8,ttas_park,400000,3,1154.522500
512,8,ttas_park,400000,4,1131.587500
512,8,ttas_park,400000,5,1142.640000
512,8,ttas_park,400000,6,1549.965000
512,8,pspin,400000,0,1214.915000
512,8,pspin,400000,1,1222.380000
512,8,pspin,400000,2,1142.297500
512,8,pspin,400000,3,1110.612500
512,8,pspin,400000,4,1130.162500
512,8,pspin,400000,5,1033.495000
512,8,pspin,400000,6,1019.977500
512,8,pmutex,400000,0,2081.980000
512,8,pmutex,400000,1,2101.630000
512,8,pmutex,400000,2,2116.337500
512,8,pmutex,400000,3,2103.865000
512,8,pmutex,400000,4,2051.235000
512,8,pmutex,400000,5,2077.647500
512,8,pmutex,400000,6,2125.352500
1024,1,ttas,400000,0,126.015000
1024,1,ttas,400000,1,124.500000
1024,1,ttas,400000,2,124.377500
1024,1,ttas,400000,3,124.567500
1024,1,ttas,400000,4,124.365000
1024,1,ttas,400000,5,124.445000
1024,1,ttas,400000,6,124.677500
1024,1,ttas_park,400000,0,125.530000
1024,1,ttas_park,400000,1,125.292500
1024,1,ttas_park,400000,2,125.142500
1024,1,ttas_park,400000,3,125.317500
1024,1,ttas_park,400000,4,125.300000
1024,1,ttas_park,400000,5,125.332500
1024,1,ttas_park,400000,6,125.465000
1024,1,mcs,400000,0,127.312500
1024,1,mcs,400000,1,127.350000
1024,1,mcs,400000,2,127.215000
1024,1,mcs,400000,3,127.257500
1024,1,mcs,400000,4,127.470000
1024,1,mcs,400000,5,129.990000
1024,1,mcs,400000,6,127.302500
1024,1,pspin,400000,0,126.912500
1024,1,pspin,400000,1,127.307500
1024,1,pspin,400000,2,126.950000
1024,1,pspin,400000,3,126.790000
1024,1,pspin,400000,4,127.052500
1024,1,pspin,400000,5,126.777500
1024,1,pspin,400000,6,127.057500
1024,1,pmutex,400000,0,130.960000
1024,1,pmutex,400000,1,130.557500
1024,1,pmutex,400000,2,130.575000
1024,1,pmutex,400000,3,130.470000
1024,1,pmutex,400000,4,130.622500
1024,1,pmutex,400000,5,130.517500
1024,1,pmutex,400000,6,130.642500
1024,2,ttas,400000,0,248.955000
1024,2,ttas,400000,1,257.312500
1024,2,ttas,400000,2,262.695000
1024,2,ttas,400000,3,256.982500
1024,2,ttas,400000,4,255.042500
1024,2,ttas,400000,5,256.942500
1024,2,ttas,400000,6,256.122500
1024,2,ttas_park,400000,0,252.855000
1024,2,ttas_park,400000,1,250.435000
1024,2,ttas_park,400000,2,256.477500
1024,2,ttas_park,400000,3,273.350000
1024,2,ttas_park,400000,4,252.802500
1024,2,ttas_park,400000,5,261.057500
1024,2,ttas_park,400000,6,256.960000
1024,2,mcs,400000,0,378.197500
1024,2,mcs,400000,1,371.607500
1024,2,mcs,400000,2,380.322500
1024,2,mcs,400000,3,375.395000
1024,2,mcs,400000,4,378.502500
1024,2,mcs,400000,5,364.265000
1024,2,mcs,400000,6,369.792500
1024,2,pspin,400000,0,259.992500
1024,2,pspin,400000,1,262.842500
1024,2,pspin,400000,2,270.685000
1024,2,pspin,400000,3,261.340000
1024,2,pspin,400000,4,260.857500
1024,2,pspin,400000,5,260.135000
1024,2,pspin,400000,6,259.515000
1024,2,pmutex,400000,0,481.412500
1024,2,pmutex,400000,1,540.035000
1024,2,pmutex,400000,2,546.117500
1024,2,pmutex,400000,3,405.560000
1024,2,pmutex,400000,4,541.175000
1024,2,pmutex,400000,5,533.717500
1024,2,pmutex,400000,6,553.380000
1024,4,ttas,400000,0,560.687500
1024,4,ttas,400000,1,559.825000
1024,4,ttas,400000,2,568.655000
1024,4,ttas,400000,3,607.217500
1024,4,ttas,400000,4,619.175000
1024,4,ttas,400000,5,568.385000
1024,4,ttas,400000,6,573.250000
1024,4,ttas_park,400000,0,576.125000
1024,4,ttas_park,400000,1,559.967500
1024,4,ttas_park,400000,2,596.570000
1024,4,ttas_park,400000,3,563.135000
1024,4,ttas_park,400000,4,555.217500
1024,4,ttas_park,400000,5,639.422500
1024,4,ttas_park,400000,6,565.315000
1024,4,mcs,400000,0,893.875000
1024,4,mcs,400000,1,878.605000
1024,4,mcs,400000,2,894.560000
1024,4,mcs,400000,3,898.025000
1024,4,mcs,400000,4,900.755000
1024,4,mcs,400000,5,892.632500
1024,4,mcs,400000,6,892.572500
1024,4,pspin,400000,0,569.760000
1024,4,pspin,400000,1,570.870000
1024,4,pspin,400000,2,566.287500
1024,4,pspin,400000,3,565.530000
1024,4,pspin,400000,4,556.902500
1024,4,pspin,400000,5,565.192500
1024,4,pspin,400000,6,597.362500
1024,4,pmutex,400000,0,1582.687500
1024,4,pmutex,400000,1,1495.705000
1024,4,pmutex,400000,2,1568.875000
1024,4,pmutex,400000,3,1557.000000
1024,4,pmutex,400000,4,1542.805000
1024,4,pmutex,400000,5,1563.625000
1024,4,pmutex,400000,6,1553.007500
1024,8,ttas,400000,0,2001.112500
1024,8,ttas,400000,1,1911.100000
1024,8,ttas,400000,2,1822.982500
1024,8,ttas,400000,3,1937.957500
1024,8,ttas,400000,4,1939.065000
1024,8,ttas,400000,5,1783.410000
1024,8,ttas,400000,6,1823.757500
1024,8,ttas_park,400000,0,2029.410000
1024,8,ttas_park,400000,1,1924.595000
1024,8,ttas_park,400000,2,1866.997500
1024,8,ttas_park,400000,3,1847.510000
1024,8,ttas_park,400000,4,2028.162500
1024,8,ttas_park,400000,5,2032.715000
1024,8,ttas_park,400000,6,1951.980000
1024,8,pspin,400000,0,1803.882500
1024,8,pspin,400000,1,2064.887500
1024,8,pspin,400000,2,2016.752500
1024,8,pspin,400000,3,1998.620000
1024,8,pspin,400000,4,2016.807500
1024,8,pspin,400000,5,1766.572500
1024,8,pspin,400000,6,1763.827500
1024,8,pmutex,400000,0,2892.297500
1024,8,pmutex,400000,1,2878.287500
1024,8,pmutex,400000,2,2725.217500
1024,8,pmutex,400000,3,2409.520000
1024,8,pmutex,400000,4,2832.720000
1024,8,pmutex,400000,5,2934.402500
1024,8,pmutex,400000,6,2973.352500
